country,year,maternal_mortality_ratio
Afghanistan,2017,638
Afghanistan,2016,673
Afghanistan,2015,701
Afghanistan,2014,786
Afghanistan,2013,810
Afghanistan,2012,858
Afghanistan,2011,905
Afghanistan,2010,954
Afghanistan,2009,993
Afghanistan,2008,1030
Afghanistan,2007,1090
Afghanistan,2006,1120
Afghanistan,2005,1140
Afghanistan,2004,1180
Afghanistan,2003,1240
Afghanistan,2002,1300
Afghanistan,2001,1390
Afghanistan,2000,1450
Albania,2017,15
Albania,2016,16
Albania,2015,15
Albania,2014,16
Albania,2013,16
Albania,2012,17
Albania,2011,22
Albania,2010,21
Albania,2009,20
Albania,2008,20
Albania,2007,19
Albania,2006,18
Albania,2005,22
Albania,2004,18
Albania,2003,21
Albania,2002,21
Albania,2001,23
Albania,2000,23
Algeria,2017,112
Algeria,2016,113
Algeria,2015,114
Algeria,2014,114
Algeria,2013,115
Algeria,2012,116
Algeria,2011,116
Algeria,2010,115
Algeria,2009,117
Algeria,2008,117
Algeria,2007,119
Algeria,2006,122
Algeria,2005,127
Algeria,2004,134
Algeria,2003,145
Algeria,2002,148
Algeria,2001,155
Algeria,2000,161
Angola,2017,241
Angola,2016,246
Angola,2015,251
Angola,2014,258
Angola,2013,269
Angola,2012,281
Angola,2011,300
Angola,2010,326
Angola,2009,359
Angola,2008,395
Angola,2007,431
Angola,2006,473
Angola,2005,519
Angola,2004,574
Angola,2003,628
Angola,2002,690
Angola,2001,766
Angola,2000,827
Antigua and Barbuda,2017,42
Antigua and Barbuda,2016,43
Antigua and Barbuda,2015,43
Antigua and Barbuda,2014,42
Antigua and Barbuda,2013,43
Antigua and Barbuda,2012,44
Antigua and Barbuda,2011,43
Antigua and Barbuda,2010,44
Antigua and Barbuda,2009,45
Antigua and Barbuda,2008,50
Antigua and Barbuda,2007,48
Antigua and Barbuda,2006,46
Antigua and Barbuda,2005,40
Antigua and Barbuda,2004,41
Antigua and Barbuda,2003,44
Antigua and Barbuda,2002,43
Antigua and Barbuda,2001,44
Antigua and Barbuda,2000,44
Argentina,2017,39
Argentina,2016,40
Argentina,2015,41
Argentina,2014,42
Argentina,2013,44
Argentina,2012,47
Argentina,2011,48
Argentina,2010,51
Argentina,2009,56
Argentina,2008,53
Argentina,2007,56
Argentina,2006,57
Argentina,2005,59
Argentina,2004,61
Argentina,2003,65
Argentina,2002,65
Argentina,2001,67
Argentina,2000,66
Armenia,2017,26
Armenia,2016,26
Armenia,2015,28
Armenia,2014,27
Armenia,2013,26
Armenia,2012,30
Armenia,2011,30
Armenia,2010,32
Armenia,2009,32
Armenia,2008,36
Armenia,2007,32
Armenia,2006,36
Armenia,2005,35
Armenia,2004,36
Armenia,2003,38
Armenia,2002,39
Armenia,2001,42
Armenia,2000,43
Australia,2017,6
Australia,2016,6
Australia,2015,6
Australia,2014,6
Australia,2013,6
Australia,2012,6
Australia,2011,6
Australia,2010,5
Australia,2009,5
Australia,2008,5
Australia,2007,5
Australia,2006,5
Australia,2005,5
Australia,2004,5
Australia,2003,6
Australia,2002,6
Australia,2001,6
Australia,2000,7
Austria,2017,5
Austria,2016,5
Austria,2015,5
Austria,2014,5
Austria,2013,5
Austria,2012,5
Austria,2011,5
Austria,2010,5
Austria,2009,5
Austria,2008,5
Austria,2007,5
Austria,2006,5
Austria,2005,6
Austria,2004,5
Austria,2003,6
Austria,2002,6
Austria,2001,6
Austria,2000,6
Azerbaijan,2017,26
Azerbaijan,2016,26
Azerbaijan,2015,27
Azerbaijan,2014,28
Azerbaijan,2013,28
Azerbaijan,2012,29
Azerbaijan,2011,30
Azerbaijan,2010,31
Azerbaijan,2009,32
Azerbaijan,2008,32
Azerbaijan,2007,34
Azerbaijan,2006,35
Azerbaijan,2005,42
Azerbaijan,2004,39
Azerbaijan,2003,44
Azerbaijan,2002,43
Azerbaijan,2001,44
Azerbaijan,2000,47
Bahamas,2017,70
Bahamas,2016,72
Bahamas,2015,74
Bahamas,2014,77
Bahamas,2013,78
Bahamas,2012,78
Bahamas,2011,78
Bahamas,2010,78
Bahamas,2009,78
Bahamas,2008,77
Bahamas,2007,77
Bahamas,2006,78
Bahamas,2005,77
Bahamas,2004,78
Bahamas,2003,79
Bahamas,2002,78
Bahamas,2001,76
Bahamas,2000,75
Bahrain,2017,14
Bahrain,2016,15
Bahrain,2015,15
Bahrain,2014,15
Bahrain,2013,17
Bahrain,2012,18
Bahrain,2011,15
Bahrain,2010,18
Bahrain,2009,19
Bahrain,2008,18
Bahrain,2007,16
Bahrain,2006,24
Bahrain,2005,19
Bahrain,2004,21
Bahrain,2003,21
Bahrain,2002,25
Bahrain,2001,19
Bahrain,2000,27
Bangladesh,2017,173
Bangladesh,2016,186
Bangladesh,2015,200
Bangladesh,2014,214
Bangladesh,2013,227
Bangladesh,2012,238
Bangladesh,2011,248
Bangladesh,2010,258
Bangladesh,2009,269
Bangladesh,2008,280
Bangladesh,2007,297
Bangladesh,2006,315
Bangladesh,2005,343
Bangladesh,2004,372
Bangladesh,2003,395
Bangladesh,2002,410
Bangladesh,2001,423
Bangladesh,2000,434
Barbados,2017,27
Barbados,2016,30
Barbados,2015,31
Barbados,2014,31
Barbados,2013,32
Barbados,2012,34
Barbados,2011,35
Barbados,2010,36
Barbados,2009,38
Barbados,2008,39
Barbados,2007,40
Barbados,2006,41
Barbados,2005,42
Barbados,2004,43
Barbados,2003,45
Barbados,2002,47
Barbados,2001,48
Barbados,2000,50
Belarus,2017,2
Belarus,2016,3
Belarus,2015,3
Belarus,2014,3
Belarus,2013,3
Belarus,2012,4
Belarus,2011,5
Belarus,2010,5
Belarus,2009,6
Belarus,2008,6
Belarus,2007,7
Belarus,2006,9
Belarus,2005,11
Belarus,2004,13
Belarus,2003,15
Belarus,2002,18
Belarus,2001,19
Belarus,2000,22
Belgium,2017,5
Belgium,2016,5
Belgium,2015,5
Belgium,2014,6
Belgium,2013,6
Belgium,2012,6
Belgium,2011,6
Belgium,2010,6
Belgium,2009,6
Belgium,2008,7
Belgium,2007,7
Belgium,2006,7
Belgium,2005,7
Belgium,2004,7
Belgium,2003,7
Belgium,2002,7
Belgium,2001,8
Belgium,2000,8
Belize,2017,36
Belize,2016,39
Belize,2015,43
Belize,2014,46
Belize,2013,48
Belize,2012,50
Belize,2011,52
Belize,2010,54
Belize,2009,57
Belize,2008,59
Belize,2007,61
Belize,2006,65
Belize,2005,70
Belize,2004,75
Belize,2003,80
Belize,2002,82
Belize,2001,88
Belize,2000,89
Benin,2017,397
Benin,2016,408
Benin,2015,421
Benin,2014,432
Benin,2013,441
Benin,2012,450
Benin,2011,458
Benin,2010,464
Benin,2009,471
Benin,2008,480
Benin,2007,486
Benin,2006,493
Benin,2005,500
Benin,2004,505
Benin,2003,510
Benin,2002,511
Benin,2001,516
Benin,2000,520
Bhutan,2017,183
Bhutan,2016,193
Bhutan,2015,203
Bhutan,2014,214
Bhutan,2013,223
Bhutan,2012,231
Bhutan,2011,239
Bhutan,2010,247
Bhutan,2009,255
Bhutan,2008,264
Bhutan,2007,275
Bhutan,2006,291
Bhutan,2005,310
Bhutan,2004,332
Bhutan,2003,348
Bhutan,2002,365
Bhutan,2001,384
Bhutan,2000,423
Bolivia (Plurinational State of),2017,155
Bolivia (Plurinational State of),2016,161
Bolivia (Plurinational State of),2015,168
Bolivia (Plurinational State of),2014,175
Bolivia (Plurinational State of),2013,184
Bolivia (Plurinational State of),2012,192
Bolivia (Plurinational State of),2011,202
Bolivia (Plurinational State of),2010,212
Bolivia (Plurinational State of),2009,222
Bolivia (Plurinational State of),2008,234
Bolivia (Plurinational State of),2007,246
Bolivia (Plurinational State of),2006,258
Bolivia (Plurinational State of),2005,271
Bolivia (Plurinational State of),2004,283
Bolivia (Plurinational State of),2003,297
Bolivia (Plurinational State of),2002,309
Bolivia (Plurinational State of),2001,320
Bolivia (Plurinational State of),2000,331
Bosnia and Herzegovina,2017,10
Bosnia and Herzegovina,2016,10
Bosnia and Herzegovina,2015,10
Bosnia and Herzegovina,2014,10
Bosnia and Herzegovina,2013,10
Bosnia and Herzegovina,2012,10
Bosnia and Herzegovina,2011,10
Bosnia and Herzegovina,2010,11
Bosnia and Herzegovina,2009,11
Bosnia and Herzegovina,2008,11
Bosnia and Herzegovina,2007,13
Bosnia and Herzegovina,2006,13
Bosnia and Herzegovina,2005,13
Bosnia and Herzegovina,2004,14
Bosnia and Herzegovina,2003,14
Bosnia and Herzegovina,2002,14
Bosnia and Herzegovina,2001,16
Bosnia and Herzegovina,2000,17
Botswana,2017,144
Botswana,2016,151
Botswana,2015,156
Botswana,2014,160
Botswana,2013,164
Botswana,2012,170
Botswana,2011,176
Botswana,2010,179
Botswana,2009,189
Botswana,2008,203
Botswana,2007,209
Botswana,2006,221
Botswana,2005,239
Botswana,2004,264
Botswana,2003,278
Botswana,2002,278
Botswana,2001,271
Botswana,2000,262
Brazil,2017,60
Brazil,2016,62
Brazil,2015,63
Brazil,2014,62
Brazil,2013,61
Brazil,2012,60
Brazil,2011,61
Brazil,2010,65
Brazil,2009,69
Brazil,2008,70
Brazil,2007,71
Brazil,2006,72
Brazil,2005,71
Brazil,2004,71
Brazil,2003,70
Brazil,2002,69
Brazil,2001,68
Brazil,2000,69
Brunei Darussalam,2017,31
Brunei Darussalam,2016,31
Brunei Darussalam,2015,30
Brunei Darussalam,2014,29
Brunei Darussalam,2013,28
Brunei Darussalam,2012,29
Brunei Darussalam,2011,28
Brunei Darussalam,2010,28
Brunei Darussalam,2009,27
Brunei Darussalam,2008,27
Brunei Darussalam,2007,27
Brunei Darussalam,2006,28
Brunei Darussalam,2005,29
Brunei Darussalam,2004,30
Brunei Darussalam,2003,30
Brunei Darussalam,2002,29
Brunei Darussalam,2001,28
Brunei Darussalam,2000,28
Bulgaria,2017,10
Bulgaria,2016,10
Bulgaria,2015,10
Bulgaria,2014,11
Bulgaria,2013,10
Bulgaria,2012,11
Bulgaria,2011,12
Bulgaria,2010,12
Bulgaria,2009,12
Bulgaria,2008,13
Bulgaria,2007,13
Bulgaria,2006,14
Bulgaria,2005,15
Bulgaria,2004,16
Bulgaria,2003,16
Bulgaria,2002,17
Bulgaria,2001,18
Bulgaria,2000,19
Burkina Faso,2017,320
Burkina Faso,2016,331
Burkina Faso,2015,343
Burkina Faso,2014,353
Burkina Faso,2013,362
Burkina Faso,2012,369
Burkina Faso,2011,377
Burkina Faso,2010,385
Burkina Faso,2009,393
Burkina Faso,2008,401
Burkina Faso,2007,410
Burkina Faso,2006,422
Burkina Faso,2005,437
Burkina Faso,2004,454
Burkina Faso,2003,471
Burkina Faso,2002,486
Burkina Faso,2001,501
Burkina Faso,2000,516
Burundi,2017,548
Burundi,2016,558
Burundi,2015,568
Burundi,2014,576
Burundi,2013,591
Burundi,2012,608
Burundi,2011,635
Burundi,2010,665
Burundi,2009,698
Burundi,2008,733
Burundi,2007,756
Burundi,2006,785
Burundi,2005,814
Burundi,2004,844
Burundi,2003,890
Burundi,2002,925
Burundi,2001,956
Burundi,2000,1010
Cabo Verde,2017,58
Cabo Verde,2016,59
Cabo Verde,2015,61
Cabo Verde,2014,62
Cabo Verde,2013,63
Cabo Verde,2012,65
Cabo Verde,2011,67
Cabo Verde,2010,70
Cabo Verde,2009,72
Cabo Verde,2008,75
Cabo Verde,2007,78
Cabo Verde,2006,82
Cabo Verde,2005,86
Cabo Verde,2004,91
Cabo Verde,2003,96
Cabo Verde,2002,101
Cabo Verde,2001,109
Cabo Verde,2000,118
Cambodia,2017,160
Cambodia,2016,168
Cambodia,2015,178
Cambodia,2014,189
Cambodia,2013,202
Cambodia,2012,215
Cambodia,2011,232
Cambodia,2010,248
Cambodia,2009,265
Cambodia,2008,284
Cambodia,2007,303
Cambodia,2006,326
Cambodia,2005,351
Cambodia,2004,378
Cambodia,2003,404
Cambodia,2002,430
Cambodia,2001,456
Cambodia,2000,488
Cameroon,2017,529
Cameroon,2016,538
Cameroon,2015,554
Cameroon,2014,564
Cameroon,2013,567
Cameroon,2012,580
Cameroon,2011,589
Cameroon,2010,597
Cameroon,2009,606
Cameroon,2008,618
Cameroon,2007,635
Cameroon,2006,658
Cameroon,2005,692
Cameroon,2004,732
Cameroon,2003,771
Cameroon,2002,803
Cameroon,2001,844
Cameroon,2000,886
Canada,2017,10
Canada,2016,10
Canada,2015,11
Canada,2014,11
Canada,2013,11
Canada,2012,11
Canada,2011,11
Canada,2010,11
Canada,2009,12
Canada,2008,12
Canada,2007,11
Canada,2006,11
Canada,2005,11
Canada,2004,10
Canada,2003,10
Canada,2002,10
Canada,2001,10
Canada,2000,9
Central African Republic,2017,829
Central African Republic,2016,890
Central African Republic,2015,912
Central African Republic,2014,961
Central African Republic,2013,1030
Central African Republic,2012,963
Central African Republic,2011,981
Central African Republic,2010,1000
Central African Republic,2009,1050
Central African Republic,2008,1090
Central African Republic,2007,1130
Central African Republic,2006,1170
Central African Republic,2005,1200
Central African Republic,2004,1230
Central African Republic,2003,1250
Central African Republic,2002,1280
Central African Republic,2001,1290
Central African Republic,2000,1280
Chad,2017,1140
Chad,2016,1140
Chad,2015,1160
Chad,2014,1170
Chad,2013,1170
Chad,2012,1190
Chad,2011,1210
Chad,2010,1240
Chad,2009,1270
Chad,2008,1310
Chad,2007,1300
Chad,2006,1340
Chad,2005,1330
Chad,2004,1350
Chad,2003,1370
Chad,2002,1400
Chad,2001,1410
Chad,2000,1420
Chile,2017,13
Chile,2016,13
Chile,2015,14
Chile,2014,15
Chile,2013,16
Chile,2012,17
Chile,2011,18
Chile,2010,20
Chile,2009,21
Chile,2008,21
Chile,2007,23
Chile,2006,25
Chile,2005,25
Chile,2004,27
Chile,2003,27
Chile,2002,28
Chile,2001,32
Chile,2000,31
China,2017,29
China,2016,29
China,2015,30
China,2014,31
China,2013,32
China,2012,33
China,2011,34
China,2010,36
China,2009,37
China,2008,40
China,2007,40
China,2006,42
China,2005,44
China,2004,46
China,2003,48
China,2002,51
China,2001,55
China,2000,59
Colombia,2017,83
Colombia,2016,84
Colombia,2015,85
Colombia,2014,85
Colombia,2013,85
Colombia,2012,85
Colombia,2011,84
Colombia,2010,85
Colombia,2009,87
Colombia,2008,84
Colombia,2007,83
Colombia,2006,82
Colombia,2005,83
Colombia,2004,85
Colombia,2003,88
Colombia,2002,92
Colombia,2001,93
Colombia,2000,94
Comoros,2017,273
Comoros,2016,279
Comoros,2015,285
Comoros,2014,293
Comoros,2013,302
Comoros,2012,313
Comoros,2011,326
Comoros,2010,341
Comoros,2009,356
Comoros,2008,370
Comoros,2007,382
Comoros,2006,393
Comoros,2005,404
Comoros,2004,414
Comoros,2003,423
Comoros,2002,429
Comoros,2001,437
Comoros,2000,444
Congo,2017,378
Congo,2016,397
Congo,2015,416
Congo,2014,433
Congo,2013,449
Congo,2012,468
Congo,2011,488
Congo,2010,506
Congo,2009,526
Congo,2008,552
Congo,2007,580
Congo,2006,623
Congo,2005,677
Congo,2004,724
Congo,2003,757
Congo,2002,769
Congo,2001,752
Congo,2000,739
Costa Rica,2017,27
Costa Rica,2016,28
Costa Rica,2015,28
Costa Rica,2014,29
Costa Rica,2013,29
Costa Rica,2012,29
Costa Rica,2011,30
Costa Rica,2010,32
Costa Rica,2009,29
Costa Rica,2008,29
Costa Rica,2007,29
Costa Rica,2006,35
Costa Rica,2005,33
Costa Rica,2004,36
Costa Rica,2003,37
Costa Rica,2002,38
Costa Rica,2001,37
Costa Rica,2000,40
Côte d’Ivoire,2017,617
Côte d’Ivoire,2016,636
Côte d’Ivoire,2015,658
Côte d’Ivoire,2014,676
Côte d’Ivoire,2013,691
Côte d’Ivoire,2012,702
Côte d’Ivoire,2011,703
Côte d’Ivoire,2010,701
Côte d’Ivoire,2009,700
Côte d’Ivoire,2008,694
Côte d’Ivoire,2007,698
Côte d’Ivoire,2006,699
Côte d’Ivoire,2005,704
Côte d’Ivoire,2004,709
Côte d’Ivoire,2003,711
Côte d’Ivoire,2002,713
Côte d’Ivoire,2001,706
Côte d’Ivoire,2000,704
Croatia,2017,8
Croatia,2016,7
Croatia,2015,8
Croatia,2014,8
Croatia,2013,9
Croatia,2012,8
Croatia,2011,9
Croatia,2010,9
Croatia,2009,9
Croatia,2008,9
Croatia,2007,9
Croatia,2006,9
Croatia,2005,10
Croatia,2004,10
Croatia,2003,10
Croatia,2002,10
Croatia,2001,10
Croatia,2000,11
Cuba,2017,36
Cuba,2016,37
Cuba,2015,38
Cuba,2014,39
Cuba,2013,40
Cuba,2012,39
Cuba,2011,38
Cuba,2010,41
Cuba,2009,40
Cuba,2008,40
Cuba,2007,38
Cuba,2006,38
Cuba,2005,41
Cuba,2004,40
Cuba,2003,41
Cuba,2002,41
Cuba,2001,44
Cuba,2000,46
Cyprus,2017,6
Cyprus,2016,6
Cyprus,2015,7
Cyprus,2014,8
Cyprus,2013,6
Cyprus,2012,7
Cyprus,2011,8
Cyprus,2010,8
Cyprus,2009,8
Cyprus,2008,9
Cyprus,2007,8
Cyprus,2006,9
Cyprus,2005,12
Cyprus,2004,9
Cyprus,2003,9
Cyprus,2002,10
Cyprus,2001,9
Cyprus,2000,14
Czechia,2017,3
Czechia,2016,4
Czechia,2015,4
Czechia,2014,4
Czechia,2013,4
Czechia,2012,4
Czechia,2011,4
Czechia,2010,4
Czechia,2009,4
Czechia,2008,5
Czechia,2007,5
Czechia,2006,5
Czechia,2005,5
Czechia,2004,5
Czechia,2003,6
Czechia,2002,6
Czechia,2001,7
Czechia,2000,7
Democratic People's Republic of Korea,2017,89
Democratic People's Republic of Korea,2016,90
Democratic People's Republic of Korea,2015,91
Democratic People's Republic of Korea,2014,93
Democratic People's Republic of Korea,2013,94
Democratic People's Republic of Korea,2012,96
Democratic People's Republic of Korea,2011,100
Democratic People's Republic of Korea,2010,106
Democratic People's Republic of Korea,2009,113
Democratic People's Republic of Korea,2008,118
Democratic People's Republic of Korea,2007,119
Democratic People's Republic of Korea,2006,120
Democratic People's Republic of Korea,2005,120
Democratic People's Republic of Korea,2004,120
Democratic People's Republic of Korea,2003,121
Democratic People's Republic of Korea,2002,122
Democratic People's Republic of Korea,2001,128
Democratic People's Republic of Korea,2000,139
Democratic Republic of the Congo,2017,473
Democratic Republic of the Congo,2016,481
Democratic Republic of the Congo,2015,490
Democratic Republic of the Congo,2014,500
Democratic Republic of the Congo,2013,514
Democratic Republic of the Congo,2012,524
Democratic Republic of the Congo,2011,532
Democratic Republic of the Congo,2010,542
Democratic Republic of the Congo,2009,555
Democratic Republic of the Congo,2008,565
Democratic Republic of the Congo,2007,578
Democratic Republic of the Congo,2006,598
Democratic Republic of the Congo,2005,627
Democratic Republic of the Congo,2004,661
Democratic Republic of the Congo,2003,699
Democratic Republic of the Congo,2002,734
Democratic Republic of the Congo,2001,740
Democratic Republic of the Congo,2000,760
Denmark,2017,4
Denmark,2016,4
Denmark,2015,4
Denmark,2014,4
Denmark,2013,4
Denmark,2012,5
Denmark,2011,5
Denmark,2010,5
Denmark,2009,6
Denmark,2008,6
Denmark,2007,6
Denmark,2006,6
Denmark,2005,6
Denmark,2004,7
Denmark,2003,7
Denmark,2002,8
Denmark,2001,8
Denmark,2000,8
Djibouti,2017,248
Djibouti,2016,246
Djibouti,2015,247
Djibouti,2014,256
Djibouti,2013,256
Djibouti,2012,262
Djibouti,2011,272
Djibouti,2010,283
Djibouti,2009,299
Djibouti,2008,320
Djibouti,2007,335
Djibouti,2006,361
Djibouti,2005,393
Djibouti,2004,426
Djibouti,2003,449
Djibouti,2002,470
Djibouti,2001,490
Djibouti,2000,507
Dominican Republic,2017,95
Dominican Republic,2016,94
Dominican Republic,2015,94
Dominican Republic,2014,94
Dominican Republic,2013,94
Dominican Republic,2012,94
Dominican Republic,2011,95
Dominican Republic,2010,96
Dominican Republic,2009,95
Dominican Republic,2008,92
Dominican Republic,2007,90
Dominican Republic,2006,86
Dominican Republic,2005,83
Dominican Republic,2004,81
Dominican Republic,2003,76
Dominican Republic,2002,75
Dominican Republic,2001,75
Dominican Republic,2000,80
Ecuador,2017,59
Ecuador,2016,61
Ecuador,2015,63
Ecuador,2014,65
Ecuador,2013,67
Ecuador,2012,71
Ecuador,2011,76
Ecuador,2010,78
Ecuador,2009,80
Ecuador,2008,82
Ecuador,2007,85
Ecuador,2006,90
Ecuador,2005,94
Ecuador,2004,94
Ecuador,2003,100
Ecuador,2002,110
Ecuador,2001,117
Ecuador,2000,122
Egypt,2017,37
Egypt,2016,38
Egypt,2015,39
Egypt,2014,39
Egypt,2013,40
Egypt,2012,42
Egypt,2011,42
Egypt,2010,45
Egypt,2009,45
Egypt,2008,45
Egypt,2007,47
Egypt,2006,50
Egypt,2005,52
Egypt,2004,54
Egypt,2003,57
Egypt,2002,60
Egypt,2001,63
Egypt,2000,64
El Salvador,2017,46
El Salvador,2016,47
El Salvador,2015,48
El Salvador,2014,49
El Salvador,2013,50
El Salvador,2012,52
El Salvador,2011,53
El Salvador,2010,54
El Salvador,2009,57
El Salvador,2008,57
El Salvador,2007,58
El Salvador,2006,60
El Salvador,2005,62
El Salvador,2004,64
El Salvador,2003,66
El Salvador,2002,68
El Salvador,2001,75
El Salvador,2000,73
Equatorial Guinea,2017,301
Equatorial Guinea,2016,301
Equatorial Guinea,2015,296
Equatorial Guinea,2014,295
Equatorial Guinea,2013,300
Equatorial Guinea,2012,305
Equatorial Guinea,2011,308
Equatorial Guinea,2010,308
Equatorial Guinea,2009,310
Equatorial Guinea,2008,314
Equatorial Guinea,2007,322
Equatorial Guinea,2006,331
Equatorial Guinea,2005,344
Equatorial Guinea,2004,357
Equatorial Guinea,2003,370
Equatorial Guinea,2002,392
Equatorial Guinea,2001,421
Equatorial Guinea,2000,454
Eritrea,2017,480
Eritrea,2016,498
Eritrea,2015,518
Eritrea,2014,530
Eritrea,2013,540
Eritrea,2012,549
Eritrea,2011,558
Eritrea,2010,567
Eritrea,2009,583
Eritrea,2008,605
Eritrea,2007,635
Eritrea,2006,705
Eritrea,2005,804
Eritrea,2004,938
Eritrea,2003,1060
Eritrea,2002,1130
Eritrea,2001,1180
Eritrea,2000,1280
Estonia,2017,9
Estonia,2016,11
Estonia,2015,10
Estonia,2014,11
Estonia,2013,10
Estonia,2012,12
Estonia,2011,13
Estonia,2010,11
Estonia,2009,14
Estonia,2008,14
Estonia,2007,17
Estonia,2006,16
Estonia,2005,18
Estonia,2004,18
Estonia,2003,20
Estonia,2002,25
Estonia,2001,27
Estonia,2000,29
Eswatini,2017,437
Eswatini,2016,436
Eswatini,2015,435
Eswatini,2014,434
Eswatini,2013,432
Eswatini,2012,435
Eswatini,2011,441
Eswatini,2010,450
Eswatini,2009,460
Eswatini,2008,474
Eswatini,2007,496
Eswatini,2006,518
Eswatini,2005,532
Eswatini,2004,539
Eswatini,2003,538
Eswatini,2002,534
Eswatini,2001,528
Eswatini,2000,521
Ethiopia,2017,401
Ethiopia,2016,422
Ethiopia,2015,446
Ethiopia,2014,472
Ethiopia,2013,498
Ethiopia,2012,527
Ethiopia,2011,558
Ethiopia,2010,597
Ethiopia,2009,638
Ethiopia,2008,681
Ethiopia,2007,731
Ethiopia,2006,795
Ethiopia,2005,865
Ethiopia,2004,929
Ethiopia,2003,972
Ethiopia,2002,985
Ethiopia,2001,988
Ethiopia,2000,1030
Fiji,2017,34
Fiji,2016,34
Fiji,2015,35
Fiji,2014,36
Fiji,2013,37
Fiji,2012,38
Fiji,2011,38
Fiji,2010,39
Fiji,2009,40
Fiji,2008,42
Fiji,2007,43
Fiji,2006,44
Fiji,2005,46
Fiji,2004,47
Fiji,2003,48
Fiji,2002,48
Fiji,2001,49
Fiji,2000,51
Finland,2017,3
Finland,2016,3
Finland,2015,3
Finland,2014,3
Finland,2013,4
Finland,2012,4
Finland,2011,4
Finland,2010,4
Finland,2009,4
Finland,2008,4
Finland,2007,4
Finland,2006,4
Finland,2005,5
Finland,2004,5
Finland,2003,5
Finland,2002,5
Finland,2001,5
Finland,2000,6
France,2017,8
France,2016,8
France,2015,8
France,2014,8
France,2013,9
France,2012,9
France,2011,9
France,2010,9
France,2009,9
France,2008,9
France,2007,9
France,2006,9
France,2005,9
France,2004,9
France,2003,9
France,2002,10
France,2001,10
France,2000,10
Gabon,2017,252
Gabon,2016,256
Gabon,2015,261
Gabon,2014,267
Gabon,2013,277
Gabon,2012,292
Gabon,2011,304
Gabon,2010,314
Gabon,2009,324
Gabon,2008,332
Gabon,2007,336
Gabon,2006,340
Gabon,2005,348
Gabon,2004,354
Gabon,2003,356
Gabon,2002,361
Gabon,2001,370
Gabon,2000,380
Gambia,2017,597
Gambia,2016,611
Gambia,2015,625
Gambia,2014,637
Gambia,2013,644
Gambia,2012,650
Gambia,2011,656
Gambia,2010,661
Gambia,2009,668
Gambia,2008,675
Gambia,2007,690
Gambia,2006,716
Gambia,2005,756
Gambia,2004,802
Gambia,2003,843
Gambia,2002,876
Gambia,2001,905
Gambia,2000,932
Georgia,2017,25
Georgia,2016,26
Georgia,2015,27
Georgia,2014,29
Georgia,2013,30
Georgia,2012,30
Georgia,2011,32
Georgia,2010,32
Georgia,2009,43
Georgia,2008,39
Georgia,2007,36
Georgia,2006,33
Georgia,2005,39
Georgia,2004,38
Georgia,2003,37
Georgia,2002,42
Georgia,2001,33
Georgia,2000,31
Germany,2017,7
Germany,2016,5
Germany,2015,5
Germany,2014,5
Germany,2013,5
Germany,2012,5
Germany,2011,6
Germany,2010,6
Germany,2009,6
Germany,2008,6
Germany,2007,6
Germany,2006,6
Germany,2005,6
Germany,2004,6
Germany,2003,6
Germany,2002,7
Germany,2001,7
Germany,2000,7
Ghana,2017,308
Ghana,2016,314
Ghana,2015,320
Ghana,2014,325
Ghana,2013,331
Ghana,2012,336
Ghana,2011,339
Ghana,2010,339
Ghana,2009,339
Ghana,2008,342
Ghana,2007,349
Ghana,2006,359
Ghana,2005,371
Ghana,2004,384
Ghana,2003,398
Ghana,2002,415
Ghana,2001,445
Ghana,2000,484
Greece,2017,3
Greece,2016,3
Greece,2015,3
Greece,2014,3
Greece,2013,3
Greece,2012,3
Greece,2011,3
Greece,2010,3
Greece,2009,3
Greece,2008,3
Greece,2007,3
Greece,2006,3
Greece,2005,3
Greece,2004,3
Greece,2003,3
Greece,2002,3
Greece,2001,3
Greece,2000,3
Grenada,2017,25
Grenada,2016,25
Grenada,2015,25
Grenada,2014,26
Grenada,2013,27
Grenada,2012,28
Grenada,2011,28
Grenada,2010,29
Grenada,2009,30
Grenada,2008,30
Grenada,2007,31
Grenada,2006,31
Grenada,2005,33
Grenada,2004,38
Grenada,2003,34
Grenada,2002,34
Grenada,2001,36
Grenada,2000,38
Guatemala,2017,95
Guatemala,2016,98
Guatemala,2015,103
Guatemala,2014,107
Guatemala,2013,113
Guatemala,2012,118
Guatemala,2011,122
Guatemala,2010,129
Guatemala,2009,131
Guatemala,2008,125
Guatemala,2007,132
Guatemala,2006,137
Guatemala,2005,142
Guatemala,2004,137
Guatemala,2003,137
Guatemala,2002,145
Guatemala,2001,147
Guatemala,2000,161
Guinea,2017,576
Guinea,2016,621
Guinea,2015,699
Guinea,2014,767
Guinea,2013,731
Guinea,2012,744
Guinea,2011,748
Guinea,2010,747
Guinea,2009,750
Guinea,2008,754
Guinea,2007,772
Guinea,2006,831
Guinea,2005,920
Guinea,2004,1020
Guinea,2003,1080
Guinea,2002,1090
Guinea,2001,1070
Guinea,2000,1020
Guinea-Bissau,2017,667
Guinea-Bissau,2016,679
Guinea-Bissau,2015,694
Guinea-Bissau,2014,711
Guinea-Bissau,2013,726
Guinea-Bissau,2012,744
Guinea-Bissau,2011,762
Guinea-Bissau,2010,779
Guinea-Bissau,2009,800
Guinea-Bissau,2008,827
Guinea-Bissau,2007,860
Guinea-Bissau,2006,912
Guinea-Bissau,2005,979
Guinea-Bissau,2004,1050
Guinea-Bissau,2003,1110
Guinea-Bissau,2002,1150
Guinea-Bissau,2001,1180
Guinea-Bissau,2000,1210
Guyana,2017,169
Guyana,2016,170
Guyana,2015,172
Guyana,2014,174
Guyana,2013,175
Guyana,2012,185
Guyana,2011,180
Guyana,2010,179
Guyana,2009,185
Guyana,2008,192
Guyana,2007,208
Guyana,2006,221
Guyana,2005,223
Guyana,2004,220
Guyana,2003,226
Guyana,2002,227
Guyana,2001,216
Guyana,2000,231
Haiti,2017,480
Haiti,2016,489
Haiti,2015,488
Haiti,2014,492
Haiti,2013,496
Haiti,2012,500
Haiti,2011,496
Haiti,2010,506
Haiti,2009,484
Haiti,2008,484
Haiti,2007,473
Haiti,2006,467
Haiti,2005,459
Haiti,2004,513
Haiti,2003,446
Haiti,2002,441
Haiti,2001,437
Haiti,2000,437
Honduras,2017,65
Honduras,2016,65
Honduras,2015,67
Honduras,2014,68
Honduras,2013,69
Honduras,2012,70
Honduras,2011,72
Honduras,2010,74
Honduras,2009,75
Honduras,2008,76
Honduras,2007,77
Honduras,2006,77
Honduras,2005,77
Honduras,2004,77
Honduras,2003,78
Honduras,2002,80
Honduras,2001,83
Honduras,2000,85
Hungary,2017,12
Hungary,2016,12
Hungary,2015,12
Hungary,2014,12
Hungary,2013,12
Hungary,2012,12
Hungary,2011,13
Hungary,2010,13
Hungary,2009,13
Hungary,2008,14
Hungary,2007,15
Hungary,2006,14
Hungary,2005,15
Hungary,2004,15
Hungary,2003,15
Hungary,2002,16
Hungary,2001,15
Hungary,2000,16
Iceland,2017,4
Iceland,2016,4
Iceland,2015,4
Iceland,2014,5
Iceland,2013,4
Iceland,2012,4
Iceland,2011,5
Iceland,2010,5
Iceland,2009,5
Iceland,2008,5
Iceland,2007,5
Iceland,2006,5
Iceland,2005,5
Iceland,2004,6
Iceland,2003,6
Iceland,2002,6
Iceland,2001,6
Iceland,2000,6
India,2017,145
India,2016,150
India,2015,158
India,2014,166
India,2013,175
India,2012,185
India,2011,197
India,2010,210
India,2009,225
India,2008,240
India,2007,255
India,2006,270
India,2005,286
India,2004,303
India,2003,319
India,2002,336
India,2001,354
India,2000,370
Indonesia,2017,177
Indonesia,2016,184
Indonesia,2015,192
Indonesia,2014,199
Indonesia,2013,207
Indonesia,2012,214
Indonesia,2011,221
Indonesia,2010,228
Indonesia,2009,234
Indonesia,2008,239
Indonesia,2007,243
Indonesia,2006,249
Indonesia,2005,252
Indonesia,2004,264
Indonesia,2003,261
Indonesia,2002,265
Indonesia,2001,269
Indonesia,2000,272
Iran (Islamic Republic of),2017,16
Iran (Islamic Republic of),2016,16
Iran (Islamic Republic of),2015,17
Iran (Islamic Republic of),2014,17
Iran (Islamic Republic of),2013,17
Iran (Islamic Republic of),2012,18
Iran (Islamic Republic of),2011,19
Iran (Islamic Republic of),2010,22
Iran (Islamic Republic of),2009,25
Iran (Islamic Republic of),2008,28
Iran (Islamic Republic of),2007,30
Iran (Islamic Republic of),2006,32
Iran (Islamic Republic of),2005,34
Iran (Islamic Republic of),2004,36
Iran (Islamic Republic of),2003,39
Iran (Islamic Republic of),2002,41
Iran (Islamic Republic of),2001,44
Iran (Islamic Republic of),2000,48
Iraq,2017,79
Iraq,2016,78
Iraq,2015,83
Iraq,2014,92
Iraq,2013,75
Iraq,2012,66
Iraq,2011,67
Iraq,2010,70
Iraq,2009,75
Iraq,2008,90
Iraq,2007,138
Iraq,2006,158
Iraq,2005,127
Iraq,2004,122
Iraq,2003,136
Iraq,2002,74
Iraq,2001,76
Iraq,2000,79
Ireland,2017,5
Ireland,2016,6
Ireland,2015,6
Ireland,2014,6
Ireland,2013,6
Ireland,2012,6
Ireland,2011,7
Ireland,2010,6
Ireland,2009,7
Ireland,2008,7
Ireland,2007,6
Ireland,2006,6
Ireland,2005,7
Ireland,2004,6
Ireland,2003,6
Ireland,2002,6
Ireland,2001,7
Ireland,2000,7
Israel,2017,3
Israel,2016,3
Israel,2015,3
Israel,2014,4
Israel,2013,4
Israel,2012,4
Israel,2011,4
Israel,2010,4
Israel,2009,4
Israel,2008,4
Israel,2007,5
Israel,2006,5
Israel,2005,5
Israel,2004,6
Israel,2003,6
Israel,2002,7
Israel,2001,7
Israel,2000,7
Italy,2017,2
Italy,2016,2
Italy,2015,2
Italy,2014,2
Italy,2013,2
Italy,2012,2
Italy,2011,2
Italy,2010,2
Italy,2009,2
Italy,2008,2
Italy,2007,2
Italy,2006,2
Italy,2005,3
Italy,2004,3
Italy,2003,3
Italy,2002,3
Italy,2001,3
Italy,2000,4
Jamaica,2017,80
Jamaica,2016,80
Jamaica,2015,78
Jamaica,2014,78
Jamaica,2013,79
Jamaica,2012,79
Jamaica,2011,79
Jamaica,2010,79
Jamaica,2009,79
Jamaica,2008,79
Jamaica,2007,79
Jamaica,2006,79
Jamaica,2005,80
Jamaica,2004,80
Jamaica,2003,79
Jamaica,2002,78
Jamaica,2001,79
Jamaica,2000,77
Japan,2017,5
Japan,2016,5
Japan,2015,5
Japan,2014,5
Japan,2013,5
Japan,2012,5
Japan,2011,6
Japan,2010,6
Japan,2009,6
Japan,2008,6
Japan,2007,6
Japan,2006,7
Japan,2005,7
Japan,2004,7
Japan,2003,7
Japan,2002,8
Japan,2001,8
Japan,2000,9
Jordan,2017,46
Jordan,2016,47
Jordan,2015,48
Jordan,2014,49
Jordan,2013,51
Jordan,2012,52
Jordan,2011,52
Jordan,2010,53
Jordan,2009,54
Jordan,2008,55
Jordan,2007,56
Jordan,2006,58
Jordan,2005,62
Jordan,2004,62
Jordan,2003,63
Jordan,2002,65
Jordan,2001,68
Jordan,2000,70
Kazakhstan,2017,10
Kazakhstan,2016,10
Kazakhstan,2015,12
Kazakhstan,2014,13
Kazakhstan,2013,14
Kazakhstan,2012,17
Kazakhstan,2011,19
Kazakhstan,2010,22
Kazakhstan,2009,24
Kazakhstan,2008,30
Kazakhstan,2007,36
Kazakhstan,2006,40
Kazakhstan,2005,43
Kazakhstan,2004,46
Kazakhstan,2003,49
Kazakhstan,2002,52
Kazakhstan,2001,57
Kazakhstan,2000,61
Kenya,2017,342
Kenya,2016,346
Kenya,2015,353
Kenya,2014,358
Kenya,2013,364
Kenya,2012,373
Kenya,2011,398
Kenya,2010,432
Kenya,2009,472
Kenya,2008,513
Kenya,2007,545
Kenya,2006,583
Kenya,2005,618
Kenya,2004,653
Kenya,2003,678
Kenya,2002,692
Kenya,2001,702
Kenya,2000,708
Kiribati,2017,92
Kiribati,2016,94
Kiribati,2015,97
Kiribati,2014,100
Kiribati,2013,104
Kiribati,2012,107
Kiribati,2011,110
Kiribati,2010,112
Kiribati,2009,113
Kiribati,2008,115
Kiribati,2007,115
Kiribati,2006,117
Kiribati,2005,119
Kiribati,2004,121
Kiribati,2003,124
Kiribati,2002,127
Kiribati,2001,131
Kiribati,2000,136
Kuwait,2017,12
Kuwait,2016,12
Kuwait,2015,11
Kuwait,2014,11
Kuwait,2013,11
Kuwait,2012,11
Kuwait,2011,10
Kuwait,2010,10
Kuwait,2009,10
Kuwait,2008,10
Kuwait,2007,10
Kuwait,2006,10
Kuwait,2005,10
Kuwait,2004,10
Kuwait,2003,10
Kuwait,2002,10
Kuwait,2001,10
Kuwait,2000,10
Kyrgyzstan,2017,60
Kyrgyzstan,2016,63
Kyrgyzstan,2015,66
Kyrgyzstan,2014,69
Kyrgyzstan,2013,70
Kyrgyzstan,2012,74
Kyrgyzstan,2011,79
Kyrgyzstan,2010,79
Kyrgyzstan,2009,80
Kyrgyzstan,2008,81
Kyrgyzstan,2007,84
Kyrgyzstan,2006,85
Kyrgyzstan,2005,82
Kyrgyzstan,2004,79
Kyrgyzstan,2003,82
Kyrgyzstan,2002,83
Kyrgyzstan,2001,76
Kyrgyzstan,2000,79
Lao People's Democratic Republic,2017,185
Lao People's Democratic Republic,2016,196
Lao People's Democratic Republic,2015,209
Lao People's Democratic Republic,2014,223
Lao People's Democratic Republic,2013,238
Lao People's Democratic Republic,2012,254
Lao People's Democratic Republic,2011,272
Lao People's Democratic Republic,2010,292
Lao People's Democratic Republic,2009,314
Lao People's Democratic Republic,2008,336
Lao People's Democratic Republic,2007,360
Lao People's Democratic Republic,2006,385
Lao People's Democratic Republic,2005,410
Lao People's Democratic Republic,2004,437
Lao People's Democratic Republic,2003,465
Lao People's Democratic Republic,2002,491
Lao People's Democratic Republic,2001,517
Lao People's Democratic Republic,2000,544
Latvia,2017,19
Latvia,2016,26
Latvia,2015,23
Latvia,2014,24
Latvia,2013,27
Latvia,2012,23
Latvia,2011,26
Latvia,2010,26
Latvia,2009,28
Latvia,2008,29
Latvia,2007,32
Latvia,2006,32
Latvia,2005,30
Latvia,2004,32
Latvia,2003,34
Latvia,2002,33
Latvia,2001,35
Latvia,2000,34
Lebanon,2017,29
Lebanon,2016,29
Lebanon,2015,29
Lebanon,2014,28
Lebanon,2013,27
Lebanon,2012,25
Lebanon,2011,25
Lebanon,2010,23
Lebanon,2009,23
Lebanon,2008,23
Lebanon,2007,23
Lebanon,2006,24
Lebanon,2005,24
Lebanon,2004,24
Lebanon,2003,25
Lebanon,2002,26
Lebanon,2001,27
Lebanon,2000,28
Lesotho,2017,544
Lesotho,2016,559
Lesotho,2015,574
Lesotho,2014,579
Lesotho,2013,583
Lesotho,2012,586
Lesotho,2011,585
Lesotho,2010,594
Lesotho,2009,607
Lesotho,2008,623
Lesotho,2007,652
Lesotho,2006,668
Lesotho,2005,679
Lesotho,2004,680
Lesotho,2003,671
Lesotho,2002,653
Lesotho,2001,633
Lesotho,2000,614
Liberia,2017,661
Liberia,2016,661
Liberia,2015,691
Liberia,2014,688
Liberia,2013,674
Liberia,2012,683
Liberia,2011,694
Liberia,2010,708
Liberia,2009,724
Liberia,2008,738
Liberia,2007,754
Liberia,2006,782
Liberia,2005,816
Liberia,2004,837
Liberia,2003,878
Liberia,2002,1010
Liberia,2001,913
Liberia,2000,894
Libya,2017,72
Libya,2016,73
Libya,2015,70
Libya,2014,63
Libya,2013,58
Libya,2012,55
Libya,2011,56
Libya,2010,53
Libya,2009,53
Libya,2008,52
Libya,2007,53
Libya,2006,55
Libya,2005,57
Libya,2004,61
Libya,2003,64
Libya,2002,66
Libya,2001,68
Libya,2000,70
Lithuania,2017,8
Lithuania,2016,8
Lithuania,2015,9
Lithuania,2014,9
Lithuania,2013,10
Lithuania,2012,10
Lithuania,2011,10
Lithuania,2010,10
Lithuania,2009,11
Lithuania,2008,13
Lithuania,2007,14
Lithuania,2006,14
Lithuania,2005,14
Lithuania,2004,13
Lithuania,2003,14
Lithuania,2002,14
Lithuania,2001,16
Lithuania,2000,17
Luxembourg,2017,5
Luxembourg,2016,5
Luxembourg,2015,5
Luxembourg,2014,6
Luxembourg,2013,6
Luxembourg,2012,7
Luxembourg,2011,8
Luxembourg,2010,8
Luxembourg,2009,7
Luxembourg,2008,6
Luxembourg,2007,8
Luxembourg,2006,9
Luxembourg,2005,9
Luxembourg,2004,8
Luxembourg,2003,8
Luxembourg,2002,9
Luxembourg,2001,10
Luxembourg,2000,10
Madagascar,2017,335
Madagascar,2016,348
Madagascar,2015,363
Madagascar,2014,378
Madagascar,2013,394
Madagascar,2012,413
Madagascar,2011,432
Madagascar,2010,453
Madagascar,2009,474
Madagascar,2008,491
Madagascar,2007,503
Madagascar,2006,513
Madagascar,2005,526
Madagascar,2004,539
Madagascar,2003,543
Madagascar,2002,547
Madagascar,2001,552
Madagascar,2000,559
Malawi,2017,349
Malawi,2016,358
Malawi,2015,370
Malawi,2014,381
Malawi,2013,396
Malawi,2012,413
Malawi,2011,428
Malawi,2010,444
Malawi,2009,466
Malawi,2008,493
Malawi,2007,526
Malawi,2006,566
Malawi,2005,610
Malawi,2004,654
Malawi,2003,687
Malawi,2002,714
Malawi,2001,735
Malawi,2000,749
Malaysia,2017,29
Malaysia,2016,29
Malaysia,2015,30
Malaysia,2014,30
Malaysia,2013,30
Malaysia,2012,30
Malaysia,2011,30
Malaysia,2010,30
Malaysia,2009,29
Malaysia,2008,29
Malaysia,2007,30
Malaysia,2006,30
Malaysia,2005,31
Malaysia,2004,32
Malaysia,2003,33
Malaysia,2002,34
Malaysia,2001,36
Malaysia,2000,38
Maldives,2017,53
Maldives,2016,54
Maldives,2015,54
Maldives,2014,56
Maldives,2013,58
Maldives,2012,60
Maldives,2011,62
Maldives,2010,67
Maldives,2009,71
Maldives,2008,72
Maldives,2007,71
Maldives,2006,71
Maldives,2005,75
Maldives,2004,89
Maldives,2003,97
Maldives,2002,105
Maldives,2001,111
Maldives,2000,125
Mali,2017,562
Mali,2016,590
Mali,2015,620
Mali,2014,642
Mali,2013,663
Mali,2012,663
Mali,2011,663
Mali,2010,660
Mali,2009,661
Mali,2008,661
Mali,2007,663
Mali,2006,675
Mali,2005,691
Mali,2004,715
Mali,2003,739
Mali,2002,764
Mali,2001,797
Mali,2000,836
Malta,2017,6
Malta,2016,6
Malta,2015,7
Malta,2014,6
Malta,2013,7
Malta,2012,7
Malta,2011,7
Malta,2010,8
Malta,2009,7
Malta,2008,8
Malta,2007,8
Malta,2006,8
Malta,2005,8
Malta,2004,9
Malta,2003,10
Malta,2002,9
Malta,2001,10
Malta,2000,9
Mauritania,2017,766
Mauritania,2016,777
Mauritania,2015,785
Mauritania,2014,796
Mauritania,2013,805
Mauritania,2012,812
Mauritania,2011,822
Mauritania,2010,824
Mauritania,2009,822
Mauritania,2008,819
Mauritania,2007,820
Mauritania,2006,821
Mauritania,2005,826
Mauritania,2004,830
Mauritania,2003,836
Mauritania,2002,836
Mauritania,2001,835
Mauritania,2000,834
Mauritius,2017,61
Mauritius,2016,67
Mauritius,2015,73
Mauritius,2014,70
Mauritius,2013,60
Mauritius,2012,63
Mauritius,2011,54
Mauritius,2010,66
Mauritius,2009,59
Mauritius,2008,53
Mauritius,2007,56
Mauritius,2006,55
Mauritius,2005,53
Mauritius,2004,54
Mauritius,2003,57
Mauritius,2002,54
Mauritius,2001,54
Mauritius,2000,59
Mexico,2017,33
Mexico,2016,34
Mexico,2015,36
Mexico,2014,38
Mexico,2013,39
Mexico,2012,41
Mexico,2011,43
Mexico,2010,46
Mexico,2009,51
Mexico,2008,49
Mexico,2007,49
Mexico,2006,51
Mexico,2005,54
Mexico,2004,54
Mexico,2003,55
Mexico,2002,56
Mexico,2001,55
Mexico,2000,55
Micronesia (Federated States of),2017,88
Micronesia (Federated States of),2016,90
Micronesia (Federated States of),2015,95
Micronesia (Federated States of),2014,96
Micronesia (Federated States of),2013,99
Micronesia (Federated States of),2012,103
Micronesia (Federated States of),2011,106
Micronesia (Federated States of),2010,110
Micronesia (Federated States of),2009,114
Micronesia (Federated States of),2008,118
Micronesia (Federated States of),2007,123
Micronesia (Federated States of),2006,128
Micronesia (Federated States of),2005,133
Micronesia (Federated States of),2004,137
Micronesia (Federated States of),2003,141
Micronesia (Federated States of),2002,163
Micronesia (Federated States of),2001,150
Micronesia (Federated States of),2000,154
Mongolia,2017,45
Mongolia,2016,46
Mongolia,2015,47
Mongolia,2014,49
Mongolia,2013,51
Mongolia,2012,54
Mongolia,2011,59
Mongolia,2010,66
Mongolia,2009,73
Mongolia,2008,80
Mongolia,2007,85
Mongolia,2006,91
Mongolia,2005,98
Mongolia,2004,106
Mongolia,2003,114
Mongolia,2002,124
Mongolia,2001,138
Mongolia,2000,155
Montenegro,2017,6
Montenegro,2016,6
Montenegro,2015,6
Montenegro,2014,6
Montenegro,2013,6
Montenegro,2012,7
Montenegro,2011,7
Montenegro,2010,7
Montenegro,2009,8
Montenegro,2008,8
Montenegro,2007,8
Montenegro,2006,9
Montenegro,2005,9
Montenegro,2004,10
Montenegro,2003,11
Montenegro,2002,11
Montenegro,2001,12
Montenegro,2000,12
Morocco,2017,70
Morocco,2016,72
Morocco,2015,74
Morocco,2014,76
Morocco,2013,78
Morocco,2012,81
Morocco,2011,86
Morocco,2010,92
Morocco,2009,99
Morocco,2008,106
Morocco,2007,113
Morocco,2006,121
Morocco,2005,131
Morocco,2004,142
Morocco,2003,152
Morocco,2002,162
Morocco,2001,174
Morocco,2000,188
Mozambique,2017,289
Mozambique,2016,301
Mozambique,2015,318
Mozambique,2014,339
Mozambique,2013,356
Mozambique,2012,371
Mozambique,2011,389
Mozambique,2010,412
Mozambique,2009,439
Mozambique,2008,471
Mozambique,2007,505
Mozambique,2006,539
Mozambique,2005,577
Mozambique,2004,615
Mozambique,2003,657
Mozambique,2002,700
Mozambique,2001,745
Mozambique,2000,798
Myanmar,2017,250
Myanmar,2016,245
Myanmar,2015,246
Myanmar,2014,247
Myanmar,2013,251
Myanmar,2012,254
Myanmar,2011,259
Myanmar,2010,265
Myanmar,2009,274
Myanmar,2008,289
Myanmar,2007,287
Myanmar,2006,293
Myanmar,2005,299
Myanmar,2004,307
Myanmar,2003,314
Myanmar,2002,323
Myanmar,2001,331
Myanmar,2000,340
Namibia,2017,195
Namibia,2016,207
Namibia,2015,217
Namibia,2014,223
Namibia,2013,231
Namibia,2012,240
Namibia,2011,256
Namibia,2010,266
Namibia,2009,276
Namibia,2008,284
Namibia,2007,306
Namibia,2006,328
Namibia,2005,346
Namibia,2004,358
Namibia,2003,359
Namibia,2002,356
Namibia,2001,352
Namibia,2000,348
Nepal,2017,186
Nepal,2016,200
Nepal,2015,236
Nepal,2014,231
Nepal,2013,248
Nepal,2012,266
Nepal,2011,285
Nepal,2010,305
Nepal,2009,323
Nepal,2008,342
Nepal,2007,361
Nepal,2006,386
Nepal,2005,415
Nepal,2004,447
Nepal,2003,470
Nepal,2002,520
Nepal,2001,521
Nepal,2000,553
Netherlands,2017,5
Netherlands,2016,6
Netherlands,2015,6
Netherlands,2014,6
Netherlands,2013,6
Netherlands,2012,7
Netherlands,2011,7
Netherlands,2010,7
Netherlands,2009,8
Netherlands,2008,8
Netherlands,2007,9
Netherlands,2006,9
Netherlands,2005,11
Netherlands,2004,11
Netherlands,2003,12
Netherlands,2002,13
Netherlands,2001,13
Netherlands,2000,13
New Zealand,2017,9
New Zealand,2016,10
New Zealand,2015,10
New Zealand,2014,10
New Zealand,2013,9
New Zealand,2012,10
New Zealand,2011,10
New Zealand,2010,11
New Zealand,2009,11
New Zealand,2008,10
New Zealand,2007,11
New Zealand,2006,11
New Zealand,2005,11
New Zealand,2004,11
New Zealand,2003,12
New Zealand,2002,12
New Zealand,2001,11
New Zealand,2000,12
Nicaragua,2017,98
Nicaragua,2016,100
Nicaragua,2015,101
Nicaragua,2014,103
Nicaragua,2013,105
Nicaragua,2012,108
Nicaragua,2011,110
Nicaragua,2010,112
Nicaragua,2009,113
Nicaragua,2008,116
Nicaragua,2007,121
Nicaragua,2006,124
Nicaragua,2005,131
Nicaragua,2004,138
Nicaragua,2003,145
Nicaragua,2002,151
Nicaragua,2001,157
Nicaragua,2000,162
Niger,2017,509
Niger,2016,530
Niger,2015,555
Niger,2014,573
Niger,2013,594
Niger,2012,616
Niger,2011,639
Niger,2010,663
Niger,2009,688
Niger,2008,709
Niger,2007,725
Niger,2006,739
Niger,2005,755
Niger,2004,770
Niger,2003,782
Niger,2002,795
Niger,2001,803
Niger,2000,813
Nigeria,2017,917
Nigeria,2016,925
Nigeria,2015,931
Nigeria,2014,943
Nigeria,2013,951
Nigeria,2012,963
Nigeria,2011,972
Nigeria,2010,978
Nigeria,2009,987
Nigeria,2008,996
Nigeria,2007,1010
Nigeria,2006,1040
Nigeria,2005,1080
Nigeria,2004,1130
Nigeria,2003,1170
Nigeria,2002,1180
Nigeria,2001,1200
Nigeria,2000,1200
Norway,2017,2
Norway,2016,3
Norway,2015,3
Norway,2014,3
Norway,2013,3
Norway,2012,3
Norway,2011,4
Norway,2010,4
Norway,2009,4
Norway,2008,4
Norway,2007,4
Norway,2006,4
Norway,2005,5
Norway,2004,5
Norway,2003,5
Norway,2002,5
Norway,2001,5
Norway,2000,6
Oman,2017,19
Oman,2016,19
Oman,2015,19
Oman,2014,18
Oman,2013,18
Oman,2012,18
Oman,2011,18
Oman,2010,18
Oman,2009,18
Oman,2008,18
Oman,2007,18
Oman,2006,18
Oman,2005,19
Oman,2004,19
Oman,2003,20
Oman,2002,20
Oman,2001,20
Oman,2000,20
Pakistan,2017,140
Pakistan,2016,143
Pakistan,2015,154
Pakistan,2014,161
Pakistan,2013,166
Pakistan,2012,173
Pakistan,2011,180
Pakistan,2010,191
Pakistan,2009,199
Pakistan,2008,205
Pakistan,2007,214
Pakistan,2006,222
Pakistan,2005,237
Pakistan,2004,243
Pakistan,2003,254
Pakistan,2002,264
Pakistan,2001,275
Pakistan,2000,286
Panama,2017,52
Panama,2016,55
Panama,2015,58
Panama,2014,60
Panama,2013,66
Panama,2012,74
Panama,2011,76
Panama,2010,79
Panama,2009,82
Panama,2008,84
Panama,2007,86
Panama,2006,88
Panama,2005,88
Panama,2004,88
Panama,2003,93
Panama,2002,91
Panama,2001,86
Panama,2000,91
Papua New Guinea,2017,145
Papua New Guinea,2016,148
Papua New Guinea,2015,151
Papua New Guinea,2014,155
Papua New Guinea,2013,160
Papua New Guinea,2012,164
Papua New Guinea,2011,166
Papua New Guinea,2010,168
Papua New Guinea,2009,170
Papua New Guinea,2008,173
Papua New Guinea,2007,179
Papua New Guinea,2006,187
Papua New Guinea,2005,200
Papua New Guinea,2004,213
Papua New Guinea,2003,225
Papua New Guinea,2002,234
Papua New Guinea,2001,242
Papua New Guinea,2000,249
Paraguay,2017,84
Paraguay,2016,86
Paraguay,2015,88
Paraguay,2014,91
Paraguay,2013,94
Paraguay,2012,98
Paraguay,2011,103
Paraguay,2010,108
Paraguay,2009,113
Paraguay,2008,118
Paraguay,2007,124
Paraguay,2006,130
Paraguay,2005,137
Paraguay,2004,144
Paraguay,2003,150
Paraguay,2002,155
Paraguay,2001,160
Paraguay,2000,165
Peru,2017,88
Peru,2016,91
Peru,2015,94
Peru,2014,96
Peru,2013,98
Peru,2012,100
Peru,2011,102
Peru,2010,104
Peru,2009,106
Peru,2008,108
Peru,2007,112
Peru,2006,114
Peru,2005,118
Peru,2004,122
Peru,2003,127
Peru,2002,132
Peru,2001,138
Peru,2000,144
Philippines,2017,121
Philippines,2016,124
Philippines,2015,127
Philippines,2014,131
Philippines,2013,136
Philippines,2012,139
Philippines,2011,141
Philippines,2010,144
Philippines,2009,149
Philippines,2008,148
Philippines,2007,149
Philippines,2006,156
Philippines,2005,156
Philippines,2004,156
Philippines,2003,156
Philippines,2002,160
Philippines,2001,163
Philippines,2000,160
Poland,2017,2
Poland,2016,2
Poland,2015,2
Poland,2014,2
Poland,2013,3
Poland,2012,3
Poland,2011,3
Poland,2010,3
Poland,2009,3
Poland,2008,4
Poland,2007,4
Poland,2006,4
Poland,2005,4
Poland,2004,5
Poland,2003,5
Poland,2002,5
Poland,2001,6
Poland,2000,7
Portugal,2017,8
Portugal,2016,9
Portugal,2015,9
Portugal,2014,8
Portugal,2013,8
Portugal,2012,9
Portugal,2011,9
Portugal,2010,9
Portugal,2009,9
Portugal,2008,9
Portugal,2007,9
Portugal,2006,9
Portugal,2005,9
Portugal,2004,10
Portugal,2003,10
Portugal,2002,10
Portugal,2001,10
Portugal,2000,10
Qatar,2017,9
Qatar,2016,9
Qatar,2015,9
Qatar,2014,10
Qatar,2013,10
Qatar,2012,10
Qatar,2011,10
Qatar,2010,10
Qatar,2009,10
Qatar,2008,11
Qatar,2007,11
Qatar,2006,11
Qatar,2005,12
Qatar,2004,13
Qatar,2003,13
Qatar,2002,13
Qatar,2001,14
Qatar,2000,14
Republic of Korea,2017,11
Republic of Korea,2016,11
Republic of Korea,2015,12
Republic of Korea,2014,12
Republic of Korea,2013,13
Republic of Korea,2012,13
Republic of Korea,2011,14
Republic of Korea,2010,15
Republic of Korea,2009,16
Republic of Korea,2008,15
Republic of Korea,2007,15
Republic of Korea,2006,14
Republic of Korea,2005,15
Republic of Korea,2004,15
Republic of Korea,2003,16
Republic of Korea,2002,15
Republic of Korea,2001,15
Republic of Korea,2000,17
Republic of Moldova,2017,19
Republic of Moldova,2016,20
Republic of Moldova,2015,22
Republic of Moldova,2014,23
Republic of Moldova,2013,21
Republic of Moldova,2012,22
Republic of Moldova,2011,21
Republic of Moldova,2010,29
Republic of Moldova,2009,28
Republic of Moldova,2008,29
Republic of Moldova,2007,31
Republic of Moldova,2006,31
Republic of Moldova,2005,34
Republic of Moldova,2004,32
Republic of Moldova,2003,36
Republic of Moldova,2002,38
Republic of Moldova,2001,39
Republic of Moldova,2000,44
The former Yugoslav Republic of Macedonia,2017,7
The former Yugoslav Republic of Macedonia,2016,8
The former Yugoslav Republic of Macedonia,2015,8
The former Yugoslav Republic of Macedonia,2014,8
The former Yugoslav Republic of Macedonia,2013,8
The former Yugoslav Republic of Macedonia,2012,8
The former Yugoslav Republic of Macedonia,2011,8
The former Yugoslav Republic of Macedonia,2010,8
The former Yugoslav Republic of Macedonia,2009,8
The former Yugoslav Republic of Macedonia,2008,8
The former Yugoslav Republic of Macedonia,2007,10
The former Yugoslav Republic of Macedonia,2006,10
The former Yugoslav Republic of Macedonia,2005,10
The former Yugoslav Republic of Macedonia,2004,11
The former Yugoslav Republic of Macedonia,2003,10
The former Yugoslav Republic of Macedonia,2002,12
The former Yugoslav Republic of Macedonia,2001,12
The former Yugoslav Republic of Macedonia,2000,13
Romania,2017,19
Romania,2016,21
Romania,2015,21
Romania,2014,21
Romania,2013,21
Romania,2012,23
Romania,2011,24
Romania,2010,27
Romania,2009,28
Romania,2008,28
Romania,2007,30
Romania,2006,32
Romania,2005,35
Romania,2004,39
Romania,2003,43
Romania,2002,47
Romania,2001,49
Romania,2000,54
Russian Federation,2017,17
Russian Federation,2016,18
Russian Federation,2015,18
Russian Federation,2014,19
Russian Federation,2013,20
Russian Federation,2012,22
Russian Federation,2011,23
Russian Federation,2010,25
Russian Federation,2009,27
Russian Federation,2008,30
Russian Federation,2007,32
Russian Federation,2006,36
Russian Federation,2005,42
Russian Federation,2004,45
Russian Federation,2003,49
Russian Federation,2002,51
Russian Federation,2001,53
Russian Federation,2000,56
Rwanda,2017,248
Rwanda,2016,260
Rwanda,2015,275
Rwanda,2014,291
Rwanda,2013,308
Rwanda,2012,329
Rwanda,2011,349
Rwanda,2010,373
Rwanda,2009,424
Rwanda,2008,427
Rwanda,2007,469
Rwanda,2006,541
Rwanda,2005,643
Rwanda,2004,758
Rwanda,2003,870
Rwanda,2002,961
Rwanda,2001,1100
Rwanda,2000,1160
Saint Lucia,2017,117
Saint Lucia,2016,117
Saint Lucia,2015,115
Saint Lucia,2014,104
Saint Lucia,2013,108
Saint Lucia,2012,116
Saint Lucia,2011,116
Saint Lucia,2010,109
Saint Lucia,2009,100
Saint Lucia,2008,93
Saint Lucia,2007,87
Saint Lucia,2006,82
Saint Lucia,2005,83
Saint Lucia,2004,89
Saint Lucia,2003,92
Saint Lucia,2002,90
Saint Lucia,2001,86
Saint Lucia,2000,86
Saint Vincent and the Grenadines,2017,68
Saint Vincent and the Grenadines,2016,67
Saint Vincent and the Grenadines,2015,64
Saint Vincent and the Grenadines,2014,69
Saint Vincent and the Grenadines,2013,73
Saint Vincent and the Grenadines,2012,71
Saint Vincent and the Grenadines,2011,64
Saint Vincent and the Grenadines,2010,63
Saint Vincent and the Grenadines,2009,67
Saint Vincent and the Grenadines,2008,70
Saint Vincent and the Grenadines,2007,67
Saint Vincent and the Grenadines,2006,62
Saint Vincent and the Grenadines,2005,59
Saint Vincent and the Grenadines,2004,64
Saint Vincent and the Grenadines,2003,69
Saint Vincent and the Grenadines,2002,72
Saint Vincent and the Grenadines,2001,75
Saint Vincent and the Grenadines,2000,80
Samoa,2017,43
Samoa,2016,44
Samoa,2015,45
Samoa,2014,47
Samoa,2013,48
Samoa,2012,52
Samoa,2011,54
Samoa,2010,58
Samoa,2009,58
Samoa,2008,60
Samoa,2007,62
Samoa,2006,66
Samoa,2005,72
Samoa,2004,74
Samoa,2003,80
Samoa,2002,84
Samoa,2001,85
Samoa,2000,88
Sao Tome and Principe,2017,130
Sao Tome and Principe,2016,130
Sao Tome and Principe,2015,130
Sao Tome and Principe,2014,131
Sao Tome and Principe,2013,132
Sao Tome and Principe,2012,134
Sao Tome and Principe,2011,137
Sao Tome and Principe,2010,140
Sao Tome and Principe,2009,145
Sao Tome and Principe,2008,150
Sao Tome and Principe,2007,154
Sao Tome and Principe,2006,158
Sao Tome and Principe,2005,163
Sao Tome and Principe,2004,166
Sao Tome and Principe,2003,167
Sao Tome and Principe,2002,169
Sao Tome and Principe,2001,173
Sao Tome and Principe,2000,179
Saudi Arabia,2017,17
Saudi Arabia,2016,17
Saudi Arabia,2015,17
Saudi Arabia,2014,17
Saudi Arabia,2013,17
Saudi Arabia,2012,18
Saudi Arabia,2011,18
Saudi Arabia,2010,19
Saudi Arabia,2009,20
Saudi Arabia,2008,20
Saudi Arabia,2007,21
Saudi Arabia,2006,21
Saudi Arabia,2005,22
Saudi Arabia,2004,22
Saudi Arabia,2003,23
Saudi Arabia,2002,23
Saudi Arabia,2001,24
Saudi Arabia,2000,24
Senegal,2017,315
Senegal,2016,330
Senegal,2015,346
Senegal,2014,364
Senegal,2013,381
Senegal,2012,400
Senegal,2011,423
Senegal,2010,447
Senegal,2009,472
Senegal,2008,492
Senegal,2007,504
Senegal,2006,514
Senegal,2005,519
Senegal,2004,526
Senegal,2003,532
Senegal,2002,537
Senegal,2001,545
Senegal,2000,553
Serbia,2017,12
Serbia,2016,12
Serbia,2015,13
Serbia,2014,12
Serbia,2013,12
Serbia,2012,12
Serbia,2011,12
Serbia,2010,12
Serbia,2009,12
Serbia,2008,12
Serbia,2007,12
Serbia,2006,12
Serbia,2005,12
Serbia,2004,13
Serbia,2003,13
Serbia,2002,13
Serbia,2001,13
Serbia,2000,13
Seychelles,2017,53
Seychelles,2016,54
Seychelles,2015,54
Seychelles,2014,55
Seychelles,2013,55
Seychelles,2012,55
Seychelles,2011,55
Seychelles,2010,55
Seychelles,2009,55
Seychelles,2008,55
Seychelles,2007,55
Seychelles,2006,55
Seychelles,2005,55
Seychelles,2004,55
Seychelles,2003,54
Seychelles,2002,54
Seychelles,2001,54
Seychelles,2000,53
Sierra Leone,2017,1120
Sierra Leone,2016,1120
Sierra Leone,2015,1180
Sierra Leone,2014,1190
Sierra Leone,2013,1180
Sierra Leone,2012,1210
Sierra Leone,2011,1270
Sierra Leone,2010,1360
Sierra Leone,2009,1450
Sierra Leone,2008,1530
Sierra Leone,2007,1610
Sierra Leone,2006,1680
Sierra Leone,2005,1760
Sierra Leone,2004,1850
Sierra Leone,2003,1960
Sierra Leone,2002,2080
Sierra Leone,2001,2250
Sierra Leone,2000,2480
Singapore,2017,8
Singapore,2016,8
Singapore,2015,9
Singapore,2014,8
Singapore,2013,9
Singapore,2012,10
Singapore,2011,10
Singapore,2010,10
Singapore,2009,10
Singapore,2008,11
Singapore,2007,12
Singapore,2006,13
Singapore,2005,13
Singapore,2004,14
Singapore,2003,13
Singapore,2002,14
Singapore,2001,13
Singapore,2000,13
Slovakia,2017,5
Slovakia,2016,6
Slovakia,2015,6
Slovakia,2014,5
Slovakia,2013,6
Slovakia,2012,6
Slovakia,2011,6
Slovakia,2010,6
Slovakia,2009,6
Slovakia,2008,6
Slovakia,2007,7
Slovakia,2006,6
Slovakia,2005,7
Slovakia,2004,7
Slovakia,2003,7
Slovakia,2002,7
Slovakia,2001,8
Slovakia,2000,8
Slovenia,2017,7
Slovenia,2016,7
Slovenia,2015,7
Slovenia,2014,7
Slovenia,2013,7
Slovenia,2012,7
Slovenia,2011,8
Slovenia,2010,8
Slovenia,2009,8
Slovenia,2008,8
Slovenia,2007,8
Slovenia,2006,8
Slovenia,2005,10
Slovenia,2004,11
Slovenia,2003,10
Slovenia,2002,11
Slovenia,2001,10
Slovenia,2000,12
Solomon Islands,2017,104
Solomon Islands,2016,108
Solomon Islands,2015,112
Solomon Islands,2014,120
Solomon Islands,2013,122
Solomon Islands,2012,127
Solomon Islands,2011,134
Solomon Islands,2010,141
Solomon Islands,2009,152
Solomon Islands,2008,159
Solomon Islands,2007,172
Solomon Islands,2006,177
Solomon Islands,2005,188
Solomon Islands,2004,199
Solomon Islands,2003,210
Solomon Islands,2002,222
Solomon Islands,2001,233
Solomon Islands,2000,245
Somalia,2017,829
Somalia,2016,865
Somalia,2015,855
Somalia,2014,878
Somalia,2013,893
Somalia,2012,943
Somalia,2011,955
Somalia,2010,985
Somalia,2009,994
Somalia,2008,1010
Somalia,2007,1030
Somalia,2006,1040
Somalia,2005,1040
Somalia,2004,1080
Somalia,2003,1100
Somalia,2002,1140
Somalia,2001,1170
Somalia,2000,1210
South Africa,2017,119
South Africa,2016,122
South Africa,2015,125
South Africa,2014,128
South Africa,2013,133
South Africa,2012,143
South Africa,2011,161
South Africa,2010,171
South Africa,2009,179
South Africa,2008,191
South Africa,2007,199
South Africa,2006,201
South Africa,2005,201
South Africa,2004,195
South Africa,2003,186
South Africa,2002,177
South Africa,2001,168
South Africa,2000,160
South Sudan,2017,1150
South Sudan,2016,1130
South Sudan,2015,1110
South Sudan,2014,1140
South Sudan,2013,1090
South Sudan,2012,1050
South Sudan,2011,1070
South Sudan,2010,1100
South Sudan,2009,1170
South Sudan,2008,1250
South Sudan,2007,1330
South Sudan,2006,1410
South Sudan,2005,1480
South Sudan,2004,1550
South Sudan,2003,1610
South Sudan,2002,1660
South Sudan,2001,1690
South Sudan,2000,1730
Spain,2017,4
Spain,2016,4
Spain,2015,4
Spain,2014,4
Spain,2013,4
Spain,2012,4
Spain,2011,4
Spain,2010,4
Spain,2009,4
Spain,2008,4
Spain,2007,4
Spain,2006,4
Spain,2005,5
Spain,2004,5
Spain,2003,5
Spain,2002,5
Spain,2001,5
Spain,2000,5
Sri Lanka,2017,36
Sri Lanka,2016,36
Sri Lanka,2015,36
Sri Lanka,2014,36
Sri Lanka,2013,37
Sri Lanka,2012,37
Sri Lanka,2011,38
Sri Lanka,2010,38
Sri Lanka,2009,41
Sri Lanka,2008,42
Sri Lanka,2007,43
Sri Lanka,2006,47
Sri Lanka,2005,45
Sri Lanka,2004,48
Sri Lanka,2003,50
Sri Lanka,2002,50
Sri Lanka,2001,53
Sri Lanka,2000,56
Sudan,2017,295
Sudan,2016,308
Sudan,2015,320
Sudan,2014,333
Sudan,2013,349
Sudan,2012,368
Sudan,2011,390
Sudan (until 2011),2010,408
Sudan (until 2011),2009,433
Sudan (until 2011),2008,454
Sudan (until 2011),2007,479
Sudan (until 2011),2006,508
Sudan (until 2011),2005,529
Sudan (until 2011),2004,580
Sudan (until 2011),2003,598
Sudan (until 2011),2002,614
Sudan (until 2011),2001,645
Sudan (until 2011),2000,667
Suriname,2017,120
Suriname,2016,121
Suriname,2015,122
Suriname,2014,124
Suriname,2013,129
Suriname,2012,134
Suriname,2011,139
Suriname,2010,148
Suriname,2009,159
Suriname,2008,169
Suriname,2007,167
Suriname,2006,165
Suriname,2005,164
Suriname,2004,176
Suriname,2003,189
Suriname,2002,207
Suriname,2001,218
Suriname,2000,221
Sweden,2017,4
Sweden,2016,4
Sweden,2015,4
Sweden,2014,5
Sweden,2013,5
Sweden,2012,5
Sweden,2011,5
Sweden,2010,4
Sweden,2009,5
Sweden,2008,5
Sweden,2007,5
Sweden,2006,5
Sweden,2005,5
Sweden,2004,5
Sweden,2003,5
Sweden,2002,5
Sweden,2001,5
Sweden,2000,5
Switzerland,2017,5
Switzerland,2016,5
Switzerland,2015,5
Switzerland,2014,5
Switzerland,2013,6
Switzerland,2012,6
Switzerland,2011,6
Switzerland,2010,6
Switzerland,2009,6
Switzerland,2008,6
Switzerland,2007,6
Switzerland,2006,7
Switzerland,2005,7
Switzerland,2004,7
Switzerland,2003,7
Switzerland,2002,7
Switzerland,2001,7
Switzerland,2000,7
Syrian Arab Republic,2017,31
Syrian Arab Republic,2016,30
Syrian Arab Republic,2015,30
Syrian Arab Republic,2014,30
Syrian Arab Republic,2013,29
Syrian Arab Republic,2012,28
Syrian Arab Republic,2011,28
Syrian Arab Republic,2010,27
Syrian Arab Republic,2009,26
Syrian Arab Republic,2008,26
Syrian Arab Republic,2007,26
Syrian Arab Republic,2006,26
Syrian Arab Republic,2005,25
Syrian Arab Republic,2004,26
Syrian Arab Republic,2003,25
Syrian Arab Republic,2002,26
Syrian Arab Republic,2001,26
Syrian Arab Republic,2000,26
Tajikistan,2017,17
Tajikistan,2016,17
Tajikistan,2015,18
Tajikistan,2014,19
Tajikistan,2013,20
Tajikistan,2012,21
Tajikistan,2011,22
Tajikistan,2010,23
Tajikistan,2009,26
Tajikistan,2008,26
Tajikistan,2007,27
Tajikistan,2006,29
Tajikistan,2005,32
Tajikistan,2004,33
Tajikistan,2003,35
Tajikistan,2002,43
Tajikistan,2001,52
Tajikistan,2000,53
Thailand,2017,37
Thailand,2016,37
Thailand,2015,38
Thailand,2014,38
Thailand,2013,39
Thailand,2012,39
Thailand,2011,41
Thailand,2010,42
Thailand,2009,43
Thailand,2008,43
Thailand,2007,42
Thailand,2006,42
Thailand,2005,43
Thailand,2004,46
Thailand,2003,44
Thailand,2002,44
Thailand,2001,43
Thailand,2000,43
Timor-Leste,2017,142
Timor-Leste,2016,152
Timor-Leste,2015,160
Timor-Leste,2014,168
Timor-Leste,2013,176
Timor-Leste,2012,185
Timor-Leste,2011,198
Timor-Leste,2010,219
Timor-Leste,2009,242
Timor-Leste,2008,269
Timor-Leste,2007,300
Timor-Leste,2006,348
Timor-Leste,2005,415
Timor-Leste,2004,507
Timor-Leste,2003,603
Timor-Leste,2002,668
Timor-Leste,2001,720
Timor-Leste,2000,745
Togo,2017,396
Togo,2016,395
Togo,2015,398
Togo,2014,401
Togo,2013,404
Togo,2012,410
Togo,2011,422
Togo,2010,440
Togo,2009,458
Togo,2008,473
Togo,2007,480
Togo,2006,482
Togo,2005,492
Togo,2004,488
Togo,2003,489
Togo,2002,489
Togo,2001,489
Togo,2000,489
Tonga,2017,52
Tonga,2016,53
Tonga,2015,54
Tonga,2014,55
Tonga,2013,56
Tonga,2012,56
Tonga,2011,56
Tonga,2010,57
Tonga,2009,61
Tonga,2008,60
Tonga,2007,62
Tonga,2006,64
Tonga,2005,66
Tonga,2004,67
Tonga,2003,69
Tonga,2002,71
Tonga,2001,73
Tonga,2000,77
Trinidad and Tobago,2017,67
Trinidad and Tobago,2016,68
Trinidad and Tobago,2015,68
Trinidad and Tobago,2014,69
Trinidad and Tobago,2013,70
Trinidad and Tobago,2012,71
Trinidad and Tobago,2011,72
Trinidad and Tobago,2010,71
Trinidad and Tobago,2009,74
Trinidad and Tobago,2008,72
Trinidad and Tobago,2007,65
Trinidad and Tobago,2006,73
Trinidad and Tobago,2005,76
Trinidad and Tobago,2004,76
Trinidad and Tobago,2003,75
Trinidad and Tobago,2002,74
Trinidad and Tobago,2001,78
Trinidad and Tobago,2000,81
Tunisia,2017,43
Tunisia,2016,45
Tunisia,2015,46
Tunisia,2014,46
Tunisia,2013,46
Tunisia,2012,46
Tunisia,2011,46
Tunisia,2010,46
Tunisia,2009,46
Tunisia,2008,47
Tunisia,2007,47
Tunisia,2006,49
Tunisia,2005,51
Tunisia,2004,54
Tunisia,2003,57
Tunisia,2002,60
Tunisia,2001,63
Tunisia,2000,66
Turkey,2017,17
Turkey,2016,18
Turkey,2015,19
Turkey,2014,19
Turkey,2013,20
Turkey,2012,22
Turkey,2011,23
Turkey,2010,24
Turkey,2009,25
Turkey,2008,27
Turkey,2007,28
Turkey,2006,30
Turkey,2005,33
Turkey,2004,35
Turkey,2003,38
Turkey,2002,39
Turkey,2001,41
Turkey,2000,42
Turkmenistan,2017,7
Turkmenistan,2016,8
Turkmenistan,2015,8
Turkmenistan,2014,8
Turkmenistan,2013,9
Turkmenistan,2012,9
Turkmenistan,2011,10
Turkmenistan,2010,10
Turkmenistan,2009,12
Turkmenistan,2008,13
Turkmenistan,2007,15
Turkmenistan,2006,18
Turkmenistan,2005,18
Turkmenistan,2004,20
Turkmenistan,2003,21
Turkmenistan,2002,25
Turkmenistan,2001,27
Turkmenistan,2000,29
Uganda,2017,375
Uganda,2016,381
Uganda,2015,387
Uganda,2014,394
Uganda,2013,401
Uganda,2012,412
Uganda,2011,419
Uganda,2010,430
Uganda,2009,442
Uganda,2008,455
Uganda,2007,465
Uganda,2006,473
Uganda,2005,491
Uganda,2004,512
Uganda,2003,520
Uganda,2002,537
Uganda,2001,550
Uganda,2000,578
Ukraine,2017,19
Ukraine,2016,20
Ukraine,2015,21
Ukraine,2014,24
Ukraine,2013,23
Ukraine,2012,24
Ukraine,2011,23
Ukraine,2010,25
Ukraine,2009,27
Ukraine,2008,33
Ukraine,2007,33
Ukraine,2006,31
Ukraine,2005,33
Ukraine,2004,33
Ukraine,2003,32
Ukraine,2002,33
Ukraine,2001,33
Ukraine,2000,35
United Arab Emirates,2017,3
United Arab Emirates,2016,3
United Arab Emirates,2015,3
United Arab Emirates,2014,3
United Arab Emirates,2013,3
United Arab Emirates,2012,4
United Arab Emirates,2011,4
United Arab Emirates,2010,4
United Arab Emirates,2009,4
United Arab Emirates,2008,4
United Arab Emirates,2007,4
United Arab Emirates,2006,4
United Arab Emirates,2005,5
United Arab Emirates,2004,5
United Arab Emirates,2003,5
United Arab Emirates,2002,5
United Arab Emirates,2001,6
United Arab Emirates,2000,6
United Kingdom,2017,7
United Kingdom,2016,7
United Kingdom,2015,8
United Kingdom,2014,8
United Kingdom,2013,8
United Kingdom,2012,8
United Kingdom,2011,9
United Kingdom,2010,10
United Kingdom,2009,10
United Kingdom,2008,11
United Kingdom,2007,11
United Kingdom,2006,11
United Kingdom,2005,11
United Kingdom,2004,11
United Kingdom,2003,11
United Kingdom,2002,11
United Kingdom,2001,11
United Republic of Tanzania,2017,524
United Republic of Tanzania,2016,539
United Republic of Tanzania,2015,556
United Republic of Tanzania,2014,574
United Republic of Tanzania,2013,593
United Republic of Tanzania,2012,615
United Republic of Tanzania,2011,628
United Republic of Tanzania,2010,644
United Republic of Tanzania,2009,656
United Republic of Tanzania,2008,666
United Republic of Tanzania,2007,685
United Republic of Tanzania,2006,703
United Republic of Tanzania,2005,721
United Republic of Tanzania,2004,741
United Republic of Tanzania,2003,763
United Republic of Tanzania,2002,788
United Republic of Tanzania,2001,819
United Republic of Tanzania,2000,854
United States of America,2017,19
United States of America,2016,19
United States of America,2015,18
United States of America,2014,16
United States of America,2013,16
United States of America,2012,16
United States of America,2011,15
United States of America,2010,15
United States of America,2009,15
United States of America,2008,14
United States of America,2007,14
United States of America,2006,14
United States of America,2005,13
United States of America,2004,13
United States of America,2003,13
United States of America,2002,13
United States of America,2001,13
United States of America,2000,12
Uruguay,2017,17
Uruguay,2016,18
Uruguay,2015,18
Uruguay,2014,17
Uruguay,2013,18
Uruguay,2012,17
Uruguay,2011,17
Uruguay,2010,17
Uruguay,2009,19
Uruguay,2008,19
Uruguay,2007,20
Uruguay,2006,20
Uruguay,2005,22
Uruguay,2004,23
Uruguay,2003,23
Uruguay,2002,25
Uruguay,2001,25
Uruguay,2000,26
Uzbekistan,2017,29
Uzbekistan,2016,29
Uzbekistan,2015,30
Uzbekistan,2014,30
Uzbekistan,2013,31
Uzbekistan,2012,32
Uzbekistan,2011,32
Uzbekistan,2010,31
Uzbekistan,2009,32
Uzbekistan,2008,34
Uzbekistan,2007,35
Uzbekistan,2006,37
Uzbekistan,2005,38
Uzbekistan,2004,37
Uzbekistan,2003,39
Uzbekistan,2002,41
Uzbekistan,2001,41
Uzbekistan,2000,41
Vanuatu,2017,72
Vanuatu,2016,74
Vanuatu,2015,76
Vanuatu,2014,80
Vanuatu,2013,82
Vanuatu,2012,85
Vanuatu,2011,88
Vanuatu,2010,92
Vanuatu,2009,96
Vanuatu,2008,99
Vanuatu,2007,103
Vanuatu,2006,108
Vanuatu,2005,113
Vanuatu,2004,119
Vanuatu,2003,123
Vanuatu,2002,128
Vanuatu,2001,135
Vanuatu,2000,140
Venezuela (Bolivarian Republic of),2017,125
Venezuela (Bolivarian Republic of),2016,121
Venezuela (Bolivarian Republic of),2015,115
Venezuela (Bolivarian Republic of),2014,113
Venezuela (Bolivarian Republic of),2013,115
Venezuela (Bolivarian Republic of),2012,116
Venezuela (Bolivarian Republic of),2011,116
Venezuela (Bolivarian Republic of),2010,117
Venezuela (Bolivarian Republic of),2009,119
Venezuela (Bolivarian Republic of),2008,116
Venezuela (Bolivarian Republic of),2007,114
Venezuela (Bolivarian Republic of),2006,114
Venezuela (Bolivarian Republic of),2005,113
Venezuela (Bolivarian Republic of),2004,119
Venezuela (Bolivarian Republic of),2003,127
Venezuela (Bolivarian Republic of),2002,135
Venezuela (Bolivarian Republic of),2001,123
Venezuela (Bolivarian Republic of),2000,119
Viet Nam,2017,43
Viet Nam,2016,44
Viet Nam,2015,45
Viet Nam,2014,45
Viet Nam,2013,46
Viet Nam,2012,46
Viet Nam,2011,47
Viet Nam,2010,47
Viet Nam,2009,48
Viet Nam,2008,49
Viet Nam,2007,49
Viet Nam,2006,51
Viet Nam,2005,54
Viet Nam,2004,57
Viet Nam,2003,59
Viet Nam,2002,62
Viet Nam,2001,65
Viet Nam,2000,68
Yemen,2017,164
Yemen,2016,165
Yemen,2015,169
Yemen,2014,174
Yemen,2013,175
Yemen,2012,184
Yemen,2011,187
Yemen,2010,192
Yemen,2009,200
Yemen,2008,208
Yemen,2007,219
Yemen,2006,230
Yemen,2005,242
Yemen,2004,254
Yemen,2003,266
Yemen,2002,278
Yemen,2001,290
Yemen,2000,301
Zambia,2017,213
Zambia,2016,222
Zambia,2015,232
Zambia,2014,242
Zambia,2013,254
Zambia,2012,267
Zambia,2011,283
Zambia,2010,305
Zambia,2009,329
Zambia,2008,356
Zambia,2007,387
Zambia,2006,406
Zambia,2005,421
Zambia,2004,437
Zambia,2003,453
Zambia,2002,465
Zambia,2001,491
Zambia,2000,528
Zimbabwe,2017,458
Zimbabwe,2016,468
Zimbabwe,2015,480
Zimbabwe,2014,494
Zimbabwe,2013,509
Zimbabwe,2012,528
Zimbabwe,2011,557
Zimbabwe,2010,598
Zimbabwe,2009,632
Zimbabwe,2008,657
Zimbabwe,2007,671
Zimbabwe,2006,680
Zimbabwe,2005,685
Zimbabwe,2004,686
Zimbabwe,2003,680
Zimbabwe,2002,666
Zimbabwe,2001,629
Zimbabwe,2000,579